namespace,module_dir,magento_module,path,file_count,initial_decision,source,notes,confirmation_needed
Bss,ConfiguableGridView,Bss_ConfiguableGridView,vusa244/app/code/Bss/ConfiguableGridView,65,Defer,"legacy repo scan; ECOM-20 ticket; needs production config/DB confirmation","Matches ECOM-20 known keep category; source, owner, DB usage, and headless/API impact still need confirmation.","production app/etc/config.php or setup_module DB state; owner decision; DB tables; cron; observers/plugins/preferences; GraphQL/REST impact; license/support; test coverage"
Cminds,Salesrep,Cminds_Salesrep,vusa244/app/code/Cminds/Salesrep,157,Defer,"legacy repo scan; needs production config/DB confirmation","Inventory-only row pending owner/source/API review.","production app/etc/config.php or setup_module DB state; owner decision; DB tables; cron; observers/plugins/preferences; GraphQL/REST impact; license/support; test coverage"
Firebear,FirebearExtended,Firebear_FirebearExtended,vusa244/app/code/Firebear/FirebearExtended,23,Defer,"legacy repo scan; needs production config/DB confirmation","Inventory-only row pending owner/source/API review.","production app/etc/config.php or setup_module DB state; owner decision; DB tables; cron; observers/plugins/preferences; GraphQL/REST impact; license/support; test coverage"
Makewebbetter,HubIntegration,Makewebbetter_HubIntegration,vusa244/app/code/Makewebbetter/HubIntegration,160,Remove,"legacy repo scan; ECOM-20 ticket","Known remove/theme/dead integration candidate unless backend/admin behavior is explicitly justified.","production app/etc/config.php or setup_module DB state; owner decision; DB tables; cron; observers/plugins/preferences; GraphQL/REST impact; license/support; test coverage"
Omnisend,Omnisend,Omnisend_Omnisend,vusa244/app/code/Omnisend/Omnisend,243,Defer,"legacy repo scan; ECOM-20 ticket; needs production config/DB confirmation","Matches ECOM-20 known keep category; source, owner, DB usage, and headless/API impact still need confirmation.","production app/etc/config.php or setup_module DB state; owner decision; DB tables; cron; observers/plugins/preferences; GraphQL/REST impact; license/support; test coverage"
Rootways,Authorizecim,Rootways_Authorizecim,vusa244/app/code/Rootways/Authorizecim,163,"Rewrite Candidate","legacy repo scan; ECOM-20 ticket; ECOM-55 ticket","High-risk retained behavior or core/vendor override named in ECOM-55.","production app/etc/config.php or setup_module DB state; owner decision; DB tables; cron; observers/plugins/preferences; GraphQL/REST impact; license/support; test coverage"
VUSA,AuthorizePayments,VUSA_AuthorizePayments,vusa244/app/code/VUSA/AuthorizePayments,7,Defer,"legacy repo scan; ECOM-20 ticket; needs production config/DB confirmation","Matches ECOM-20 known keep category; source, owner, DB usage, and headless/API impact still need confirmation.","production app/etc/config.php or setup_module DB state; owner decision; DB tables; cron; observers/plugins/preferences; GraphQL/REST impact; license/support; test coverage"
VUSA,DecreaseStock,VUSA_DecreaseStock,vusa244/app/code/VUSA/DecreaseStock,5,"Rewrite Candidate","legacy repo scan; ECOM-20 ticket; ECOM-55 ticket","High-risk retained behavior or core/vendor override named in ECOM-55.","production app/etc/config.php or setup_module DB state; owner decision; DB tables; cron; observers/plugins/preferences; GraphQL/REST impact; license/support; test coverage"
VUSA,EnhancedEmail,VUSA_EnhancedEmail,vusa244/app/code/VUSA/EnhancedEmail,4,"Rewrite Candidate","legacy repo scan; ECOM-20 ticket; ECOM-55 ticket","High-risk retained behavior or core/vendor override named in ECOM-55.","production app/etc/config.php or setup_module DB state; owner decision; DB tables; cron; observers/plugins/preferences; GraphQL/REST impact; license/support; test coverage"
VUSA,ExportOrder,VUSA_ExportOrder,vusa244/app/code/VUSA/ExportOrder,5,"Rewrite Candidate","legacy repo scan; ECOM-20 ticket; ECOM-55 ticket","High-risk retained behavior or core/vendor override named in ECOM-55.","production app/etc/config.php or setup_module DB state; owner decision; DB tables; cron; observers/plugins/preferences; GraphQL/REST impact; license/support; test coverage"
VUSA,GroupNotification,VUSA_GroupNotification,vusa244/app/code/VUSA/GroupNotification,13,"Rewrite Candidate","legacy repo scan; ECOM-20 ticket; ECOM-55 ticket","High-risk retained behavior or core/vendor override named in ECOM-55.","production app/etc/config.php or setup_module DB state; owner decision; DB tables; cron; observers/plugins/preferences; GraphQL/REST impact; license/support; test coverage"
VUSA,NicotineWarning,VUSA_NicotineWarning,vusa244/app/code/VUSA/NicotineWarning,4,Defer,"legacy repo scan; ECOM-20 ticket; needs production config/DB confirmation","Matches ECOM-20 known keep category; source, owner, DB usage, and headless/API impact still need confirmation.","production app/etc/config.php or setup_module DB state; owner decision; DB tables; cron; observers/plugins/preferences; GraphQL/REST impact; license/support; test coverage"
VUSA,Optimization,VUSA_Optimization,vusa244/app/code/VUSA/Optimization,6,Defer,"legacy repo scan; ECOM-20 ticket; needs production config/DB confirmation","Matches ECOM-20 known keep category; source, owner, DB usage, and headless/API impact still need confirmation.","production app/etc/config.php or setup_module DB state; owner decision; DB tables; cron; observers/plugins/preferences; GraphQL/REST impact; license/support; test coverage"
VUSA,PrintInvoice,VUSA_PrintInvoice,vusa244/app/code/VUSA/PrintInvoice,7,"Rewrite Candidate","legacy repo scan; ECOM-20 ticket; ECOM-55 ticket","High-risk retained behavior or core/vendor override named in ECOM-55.","production app/etc/config.php or setup_module DB state; owner decision; DB tables; cron; observers/plugins/preferences; GraphQL/REST impact; license/support; test coverage"
VUSA,RegionPayment,VUSA_RegionPayment,vusa244/app/code/VUSA/RegionPayment,5,"Rewrite Candidate","legacy repo scan; ECOM-20 ticket; ECOM-55 ticket","High-risk retained behavior or core/vendor override named in ECOM-55.","production app/etc/config.php or setup_module DB state; owner decision; DB tables; cron; observers/plugins/preferences; GraphQL/REST impact; license/support; test coverage"
VUSA,ResetPass,VUSA_ResetPass,vusa244/app/code/VUSA/ResetPass,4,"Rewrite Candidate","legacy repo scan; ECOM-20 ticket; ECOM-55 ticket","High-risk retained behavior or core/vendor override named in ECOM-55.","production app/etc/config.php or setup_module DB state; owner decision; DB tables; cron; observers/plugins/preferences; GraphQL/REST impact; license/support; test coverage"
Vapewholesaleusa,AdminShippingMethod,Vapewholesaleusa_AdminShippingMethod,vusa244/app/code/Vapewholesaleusa/AdminShippingMethod,16,Defer,"legacy repo scan; ECOM-20 ticket; needs production config/DB confirmation","Matches ECOM-20 known keep category; source, owner, DB usage, and headless/API impact still need confirmation.","production app/etc/config.php or setup_module DB state; owner decision; DB tables; cron; observers/plugins/preferences; GraphQL/REST impact; license/support; test coverage"
Vapewholesaleusa,AdminUSPGROUNDShippingMethod,Vapewholesaleusa_AdminUSPGROUNDShippingMethod,vusa244/app/code/Vapewholesaleusa/AdminUSPGROUNDShippingMethod,15,Defer,"legacy repo scan; ECOM-20 ticket; needs production config/DB confirmation","Matches ECOM-20 known keep category; source, owner, DB usage, and headless/API impact still need confirmation.","production app/etc/config.php or setup_module DB state; owner decision; DB tables; cron; observers/plugins/preferences; GraphQL/REST impact; license/support; test coverage"
Vapewholesaleusa,AgeVerification,Vapewholesaleusa_AgeVerification,vusa244/app/code/Vapewholesaleusa/AgeVerification,10,Defer,"legacy repo scan; needs production config/DB confirmation","Inventory-only row pending owner/source/API review.","production app/etc/config.php or setup_module DB state; owner decision; DB tables; cron; observers/plugins/preferences; GraphQL/REST impact; license/support; test coverage"
Vapewholesaleusa,AheadworksRewardPoints,Vapewholesaleusa_AheadworksRewardPoints,vusa244/app/code/Vapewholesaleusa/AheadworksRewardPoints,8,Defer,"legacy repo scan; ECOM-20 ticket; needs production config/DB confirmation","Matches ECOM-20 known keep category; source, owner, DB usage, and headless/API impact still need confirmation.","production app/etc/config.php or setup_module DB state; owner decision; DB tables; cron; observers/plugins/preferences; GraphQL/REST impact; license/support; test coverage"
Vapewholesaleusa,Ajax,Vapewholesaleusa_Ajax,vusa244/app/code/Vapewholesaleusa/Ajax,55,Defer,"legacy repo scan; needs production config/DB confirmation","Inventory-only row pending owner/source/API review.","production app/etc/config.php or setup_module DB state; owner decision; DB tables; cron; observers/plugins/preferences; GraphQL/REST impact; license/support; test coverage"
Vapewholesaleusa,AmastyAdminActionsLog,Vapewholesaleusa_AmastyAdminActionsLog,vusa244/app/code/Vapewholesaleusa/AmastyAdminActionsLog,15,"Rewrite Candidate","legacy repo scan; ECOM-20 ticket; ECOM-55 ticket","High-risk retained behavior or core/vendor override named in ECOM-55.","production app/etc/config.php or setup_module DB state; owner decision; DB tables; cron; observers/plugins/preferences; GraphQL/REST impact; license/support; test coverage"
Vapewholesaleusa,AmastyAdvancedReview,Vapewholesaleusa_AmastyAdvancedReview,vusa244/app/code/Vapewholesaleusa/AmastyAdvancedReview,8,Defer,"legacy repo scan; needs production config/DB confirmation","Inventory-only row pending owner/source/API review.","production app/etc/config.php or setup_module DB state; owner decision; DB tables; cron; observers/plugins/preferences; GraphQL/REST impact; license/support; test coverage"
Vapewholesaleusa,AmastyBannersLite,Vapewholesaleusa_AmastyBannersLite,vusa244/app/code/Vapewholesaleusa/AmastyBannersLite,5,Defer,"legacy repo scan; needs production config/DB confirmation","Inventory-only row pending owner/source/API review.","production app/etc/config.php or setup_module DB state; owner decision; DB tables; cron; observers/plugins/preferences; GraphQL/REST impact; license/support; test coverage"
Vapewholesaleusa,AmastyCheckoutCore,Vapewholesaleusa_AmastyCheckoutCore,vusa244/app/code/Vapewholesaleusa/AmastyCheckoutCore,15,Defer,"legacy repo scan; needs production config/DB confirmation","Inventory-only row pending owner/source/API review.","production app/etc/config.php or setup_module DB state; owner decision; DB tables; cron; observers/plugins/preferences; GraphQL/REST impact; license/support; test coverage"
Vapewholesaleusa,AmastyConditions,Vapewholesaleusa_AmastyConditions,vusa244/app/code/Vapewholesaleusa/AmastyConditions,5,Defer,"legacy repo scan; needs production config/DB confirmation","Inventory-only row pending owner/source/API review.","production app/etc/config.php or setup_module DB state; owner decision; DB tables; cron; observers/plugins/preferences; GraphQL/REST impact; license/support; test coverage"
Vapewholesaleusa,AmastyCustomerAttributes,Vapewholesaleusa_AmastyCustomerAttributes,vusa244/app/code/Vapewholesaleusa/AmastyCustomerAttributes,8,Defer,"legacy repo scan; ECOM-20 ticket; needs production config/DB confirmation","Matches ECOM-20 known keep category; source, owner, DB usage, and headless/API impact still need confirmation.","production app/etc/config.php or setup_module DB state; owner decision; DB tables; cron; observers/plugins/preferences; GraphQL/REST impact; license/support; test coverage"
Vapewholesaleusa,AmastyGoogleAddressAutocomplete,Vapewholesaleusa_AmastyGoogleAddressAutocomplete,vusa244/app/code/Vapewholesaleusa/AmastyGoogleAddressAutocomplete,9,Defer,"legacy repo scan; needs production config/DB confirmation","Inventory-only row pending owner/source/API review.","production app/etc/config.php or setup_module DB state; owner decision; DB tables; cron; observers/plugins/preferences; GraphQL/REST impact; license/support; test coverage"
Vapewholesaleusa,AmastyHidePrice,Vapewholesaleusa_AmastyHidePrice,vusa244/app/code/Vapewholesaleusa/AmastyHidePrice,6,Defer,"legacy repo scan; ECOM-20 ticket; needs production config/DB confirmation","Matches ECOM-20 known keep category; source, owner, DB usage, and headless/API impact still need confirmation.","production app/etc/config.php or setup_module DB state; owner decision; DB tables; cron; observers/plugins/preferences; GraphQL/REST impact; license/support; test coverage"
Vapewholesaleusa,AmastyImageOptimizer,Vapewholesaleusa_AmastyImageOptimizer,vusa244/app/code/Vapewholesaleusa/AmastyImageOptimizer,12,Defer,"legacy repo scan; ECOM-20 ticket; needs production config/DB confirmation","Matches ECOM-20 known keep category; source, owner, DB usage, and headless/API impact still need confirmation.","production app/etc/config.php or setup_module DB state; owner decision; DB tables; cron; observers/plugins/preferences; GraphQL/REST impact; license/support; test coverage"
Vapewholesaleusa,AmastyNumber,Vapewholesaleusa_AmastyNumber,vusa244/app/code/Vapewholesaleusa/AmastyNumber,6,Defer,"legacy repo scan; needs production config/DB confirmation","Inventory-only row pending owner/source/API review.","production app/etc/config.php or setup_module DB state; owner decision; DB tables; cron; observers/plugins/preferences; GraphQL/REST impact; license/support; test coverage"
Vapewholesaleusa,AmastyPromo,Vapewholesaleusa_AmastyPromo,vusa244/app/code/Vapewholesaleusa/AmastyPromo,19,Defer,"legacy repo scan; needs production config/DB confirmation","Inventory-only row pending owner/source/API review.","production app/etc/config.php or setup_module DB state; owner decision; DB tables; cron; observers/plugins/preferences; GraphQL/REST impact; license/support; test coverage"
Vapewholesaleusa,AmastyRules,Vapewholesaleusa_AmastyRules,vusa244/app/code/Vapewholesaleusa/AmastyRules,4,Defer,"legacy repo scan; needs production config/DB confirmation","Inventory-only row pending owner/source/API review.","production app/etc/config.php or setup_module DB state; owner decision; DB tables; cron; observers/plugins/preferences; GraphQL/REST impact; license/support; test coverage"
Vapewholesaleusa,AmastySalesRuleWizard,Vapewholesaleusa_AmastySalesRuleWizard,vusa244/app/code/Vapewholesaleusa/AmastySalesRuleWizard,6,Defer,"legacy repo scan; ECOM-20 ticket; needs production config/DB confirmation","Matches ECOM-20 known keep category; source, owner, DB usage, and headless/API impact still need confirmation.","production app/etc/config.php or setup_module DB state; owner decision; DB tables; cron; observers/plugins/preferences; GraphQL/REST impact; license/support; test coverage"
Vapewholesaleusa,AmastyShiprestriction,Vapewholesaleusa_AmastyShiprestriction,vusa244/app/code/Vapewholesaleusa/AmastyShiprestriction,7,Defer,"legacy repo scan; ECOM-20 ticket; needs production config/DB confirmation","Matches ECOM-20 known keep category; source, owner, DB usage, and headless/API impact still need confirmation.","production app/etc/config.php or setup_module DB state; owner decision; DB tables; cron; observers/plugins/preferences; GraphQL/REST impact; license/support; test coverage"
Vapewholesaleusa,AmastyShopby,Vapewholesaleusa_AmastyShopby,vusa244/app/code/Vapewholesaleusa/AmastyShopby,6,Defer,"legacy repo scan; ECOM-20 ticket; needs production config/DB confirmation","Matches ECOM-20 known keep category; source, owner, DB usage, and headless/API impact still need confirmation.","production app/etc/config.php or setup_module DB state; owner decision; DB tables; cron; observers/plugins/preferences; GraphQL/REST impact; license/support; test coverage"
Vapewholesaleusa,AmastyShopbyBrand,Vapewholesaleusa_AmastyShopbyBrand,vusa244/app/code/Vapewholesaleusa/AmastyShopbyBrand,5,Defer,"legacy repo scan; ECOM-20 ticket; needs production config/DB confirmation","Matches ECOM-20 known keep category; source, owner, DB usage, and headless/API impact still need confirmation.","production app/etc/config.php or setup_module DB state; owner decision; DB tables; cron; observers/plugins/preferences; GraphQL/REST impact; license/support; test coverage"
Vapewholesaleusa,AmastyStoreCredit,Vapewholesaleusa_AmastyStoreCredit,vusa244/app/code/Vapewholesaleusa/AmastyStoreCredit,8,Defer,"legacy repo scan; ECOM-20 ticket; needs production config/DB confirmation","Matches ECOM-20 known keep category; source, owner, DB usage, and headless/API impact still need confirmation.","production app/etc/config.php or setup_module DB state; owner decision; DB tables; cron; observers/plugins/preferences; GraphQL/REST impact; license/support; test coverage"
Vapewholesaleusa,AttributeRemover,Vapewholesaleusa_AttributeRemover,vusa244/app/code/Vapewholesaleusa/AttributeRemover,5,Defer,"legacy repo scan; needs production config/DB confirmation","Inventory-only row pending owner/source/API review.","production app/etc/config.php or setup_module DB state; owner decision; DB tables; cron; observers/plugins/preferences; GraphQL/REST impact; license/support; test coverage"
Vapewholesaleusa,AutoHoldForCustomerGroup,Vapewholesaleusa_AutoHoldForCustomerGroup,vusa244/app/code/Vapewholesaleusa/AutoHoldForCustomerGroup,9,Defer,"legacy repo scan; ECOM-20 ticket; needs production config/DB confirmation","Matches ECOM-20 known keep category; source, owner, DB usage, and headless/API impact still need confirmation.","production app/etc/config.php or setup_module DB state; owner decision; DB tables; cron; observers/plugins/preferences; GraphQL/REST impact; license/support; test coverage"
Vapewholesaleusa,BestsellerSearchSort,Vapewholesaleusa_BestsellerSearchSort,vusa244/app/code/Vapewholesaleusa/BestsellerSearchSort,10,Defer,"legacy repo scan; needs production config/DB confirmation","Inventory-only row pending owner/source/API review.","production app/etc/config.php or setup_module DB state; owner decision; DB tables; cron; observers/plugins/preferences; GraphQL/REST impact; license/support; test coverage"
Vapewholesaleusa,BestsellerWidget,Vapewholesaleusa_BestsellerWidget,vusa244/app/code/Vapewholesaleusa/BestsellerWidget,8,Defer,"legacy repo scan; needs production config/DB confirmation","Inventory-only row pending owner/source/API review.","production app/etc/config.php or setup_module DB state; owner decision; DB tables; cron; observers/plugins/preferences; GraphQL/REST impact; license/support; test coverage"
Vapewholesaleusa,BssConfiguableGridView,Vapewholesaleusa_BssConfiguableGridView,vusa244/app/code/Vapewholesaleusa/BssConfiguableGridView,20,Defer,"legacy repo scan; ECOM-20 ticket; needs production config/DB confirmation","Matches ECOM-20 known keep category; source, owner, DB usage, and headless/API impact still need confirmation.","production app/etc/config.php or setup_module DB state; owner decision; DB tables; cron; observers/plugins/preferences; GraphQL/REST impact; license/support; test coverage"
Vapewholesaleusa,BuyNow,Vapewholesaleusa_BuyNow,vusa244/app/code/Vapewholesaleusa/BuyNow,14,Defer,"legacy repo scan; needs production config/DB confirmation","Inventory-only row pending owner/source/API review.","production app/etc/config.php or setup_module DB state; owner decision; DB tables; cron; observers/plugins/preferences; GraphQL/REST impact; license/support; test coverage"
Vapewholesaleusa,CacheImprove,Vapewholesaleusa_CacheImprove,vusa244/app/code/Vapewholesaleusa/CacheImprove,43,Defer,"legacy repo scan; needs production config/DB confirmation","Inventory-only row pending owner/source/API review.","production app/etc/config.php or setup_module DB state; owner decision; DB tables; cron; observers/plugins/preferences; GraphQL/REST impact; license/support; test coverage"
Vapewholesaleusa,CatalogProductCreateFlow,Vapewholesaleusa_CatalogProductCreateFlow,vusa244/app/code/Vapewholesaleusa/CatalogProductCreateFlow,9,Defer,"legacy repo scan; needs production config/DB confirmation","Inventory-only row pending owner/source/API review.","production app/etc/config.php or setup_module DB state; owner decision; DB tables; cron; observers/plugins/preferences; GraphQL/REST impact; license/support; test coverage"
Vapewholesaleusa,CheckoutAddressConfirm,Vapewholesaleusa_CheckoutAddressConfirm,vusa244/app/code/Vapewholesaleusa/CheckoutAddressConfirm,14,Defer,"legacy repo scan; needs production config/DB confirmation","Inventory-only row pending owner/source/API review.","production app/etc/config.php or setup_module DB state; owner decision; DB tables; cron; observers/plugins/preferences; GraphQL/REST impact; license/support; test coverage"
Vapewholesaleusa,CmindsSalesrep,Vapewholesaleusa_CmindsSalesrep,vusa244/app/code/Vapewholesaleusa/CmindsSalesrep,14,Defer,"legacy repo scan; needs production config/DB confirmation","Inventory-only row pending owner/source/API review.","production app/etc/config.php or setup_module DB state; owner decision; DB tables; cron; observers/plugins/preferences; GraphQL/REST impact; license/support; test coverage"
Vapewholesaleusa,CriticalCss,Vapewholesaleusa_CriticalCss,vusa244/app/code/Vapewholesaleusa/CriticalCss,15,Defer,"legacy repo scan; needs production config/DB confirmation","Inventory-only row pending owner/source/API review.","production app/etc/config.php or setup_module DB state; owner decision; DB tables; cron; observers/plugins/preferences; GraphQL/REST impact; license/support; test coverage"
Vapewholesaleusa,CustomerAttachment,Vapewholesaleusa_CustomerAttachment,vusa244/app/code/Vapewholesaleusa/CustomerAttachment,41,Defer,"legacy repo scan; needs production config/DB confirmation","Inventory-only row pending owner/source/API review.","production app/etc/config.php or setup_module DB state; owner decision; DB tables; cron; observers/plugins/preferences; GraphQL/REST impact; license/support; test coverage"
Vapewholesaleusa,CustomerGroupPrice,Vapewholesaleusa_CustomerGroupPrice,vusa244/app/code/Vapewholesaleusa/CustomerGroupPrice,12,Defer,"legacy repo scan; ECOM-20 ticket; needs production config/DB confirmation","Matches ECOM-20 known keep category; source, owner, DB usage, and headless/API impact still need confirmation.","production app/etc/config.php or setup_module DB state; owner decision; DB tables; cron; observers/plugins/preferences; GraphQL/REST impact; license/support; test coverage"
Vapewholesaleusa,CustomerLicense,Vapewholesaleusa_CustomerLicense,vusa244/app/code/Vapewholesaleusa/CustomerLicense,16,Defer,"legacy repo scan; ECOM-20 ticket; needs production config/DB confirmation","Matches ECOM-20 known keep category; source, owner, DB usage, and headless/API impact still need confirmation.","production app/etc/config.php or setup_module DB state; owner decision; DB tables; cron; observers/plugins/preferences; GraphQL/REST impact; license/support; test coverage"
Vapewholesaleusa,CustomerQuoteValidator,Vapewholesaleusa_CustomerQuoteValidator,vusa244/app/code/Vapewholesaleusa/CustomerQuoteValidator,6,Defer,"legacy repo scan; needs production config/DB confirmation","Inventory-only row pending owner/source/API review.","production app/etc/config.php or setup_module DB state; owner decision; DB tables; cron; observers/plugins/preferences; GraphQL/REST impact; license/support; test coverage"
Vapewholesaleusa,DeferJs,Vapewholesaleusa_DeferJs,vusa244/app/code/Vapewholesaleusa/DeferJs,6,Defer,"legacy repo scan; needs production config/DB confirmation","Inventory-only row pending owner/source/API review.","production app/etc/config.php or setup_module DB state; owner decision; DB tables; cron; observers/plugins/preferences; GraphQL/REST impact; license/support; test coverage"
Vapewholesaleusa,EmailReplyTo,Vapewholesaleusa_EmailReplyTo,vusa244/app/code/Vapewholesaleusa/EmailReplyTo,10,"Rewrite Candidate","legacy repo scan; ECOM-20 ticket; ECOM-55 ticket","High-risk retained behavior or core/vendor override named in ECOM-55.","production app/etc/config.php or setup_module DB state; owner decision; DB tables; cron; observers/plugins/preferences; GraphQL/REST impact; license/support; test coverage"
Vapewholesaleusa,EnhancedContact,Vapewholesaleusa_EnhancedContact,vusa244/app/code/Vapewholesaleusa/EnhancedContact,38,Defer,"legacy repo scan; needs production config/DB confirmation","Inventory-only row pending owner/source/API review.","production app/etc/config.php or setup_module DB state; owner decision; DB tables; cron; observers/plugins/preferences; GraphQL/REST impact; license/support; test coverage"
Vapewholesaleusa,ExportInvoice,Vapewholesaleusa_ExportInvoice,vusa244/app/code/Vapewholesaleusa/ExportInvoice,17,"Rewrite Candidate","legacy repo scan; ECOM-20 ticket; ECOM-55 ticket","High-risk retained behavior or core/vendor override named in ECOM-55.","production app/etc/config.php or setup_module DB state; owner decision; DB tables; cron; observers/plugins/preferences; GraphQL/REST impact; license/support; test coverage"
Vapewholesaleusa,FirebearImportExport,Vapewholesaleusa_FirebearImportExport,vusa244/app/code/Vapewholesaleusa/FirebearImportExport,5,Defer,"legacy repo scan; ECOM-20 ticket; needs production config/DB confirmation","Matches ECOM-20 known keep category; source, owner, DB usage, and headless/API impact still need confirmation.","production app/etc/config.php or setup_module DB state; owner decision; DB tables; cron; observers/plugins/preferences; GraphQL/REST impact; license/support; test coverage"
Vapewholesaleusa,FluidPay,Vapewholesaleusa_FluidPay,vusa244/app/code/Vapewholesaleusa/FluidPay,51,Defer,"legacy repo scan; ECOM-20 ticket; needs production config/DB confirmation","Matches ECOM-20 known keep category; source, owner, DB usage, and headless/API impact still need confirmation.","production app/etc/config.php or setup_module DB state; owner decision; DB tables; cron; observers/plugins/preferences; GraphQL/REST impact; license/support; test coverage"
Vapewholesaleusa,GoogleAddressVerification,Vapewholesaleusa_GoogleAddressVerification,vusa244/app/code/Vapewholesaleusa/GoogleAddressVerification,38,Defer,"legacy repo scan; ECOM-20 ticket; needs production config/DB confirmation","Matches ECOM-20 known keep category; source, owner, DB usage, and headless/API impact still need confirmation.","production app/etc/config.php or setup_module DB state; owner decision; DB tables; cron; observers/plugins/preferences; GraphQL/REST impact; license/support; test coverage"
Vapewholesaleusa,HubIntegration,Vapewholesaleusa_HubIntegration,vusa244/app/code/Vapewholesaleusa/HubIntegration,9,Remove,"legacy repo scan; ECOM-20 ticket","Known remove/theme/dead integration candidate unless backend/admin behavior is explicitly justified.","production app/etc/config.php or setup_module DB state; owner decision; DB tables; cron; observers/plugins/preferences; GraphQL/REST impact; license/support; test coverage"
Vapewholesaleusa,ImageClean,Vapewholesaleusa_ImageClean,vusa244/app/code/Vapewholesaleusa/ImageClean,28,"Rewrite Candidate","legacy repo scan; ECOM-20 ticket; ECOM-55 ticket","High-risk retained behavior or core/vendor override named in ECOM-55.","production app/etc/config.php or setup_module DB state; owner decision; DB tables; cron; observers/plugins/preferences; GraphQL/REST impact; license/support; test coverage"
Vapewholesaleusa,LockedTransactionIdentifier,Vapewholesaleusa_LockedTransactionIdentifier,vusa244/app/code/Vapewholesaleusa/LockedTransactionIdentifier,10,Defer,"legacy repo scan; needs production config/DB confirmation","Inventory-only row pending owner/source/API review.","production app/etc/config.php or setup_module DB state; owner decision; DB tables; cron; observers/plugins/preferences; GraphQL/REST impact; license/support; test coverage"
Vapewholesaleusa,MageSuiteMagepack,Vapewholesaleusa_MageSuiteMagepack,vusa244/app/code/Vapewholesaleusa/MageSuiteMagepack,7,Defer,"legacy repo scan; needs production config/DB confirmation","Inventory-only row pending owner/source/API review.","production app/etc/config.php or setup_module DB state; owner decision; DB tables; cron; observers/plugins/preferences; GraphQL/REST impact; license/support; test coverage"
Vapewholesaleusa,MageWorxOrderEditor,Vapewholesaleusa_MageWorxOrderEditor,vusa244/app/code/Vapewholesaleusa/MageWorxOrderEditor,23,Defer,"legacy repo scan; ECOM-20 ticket; needs production config/DB confirmation","Matches ECOM-20 known keep category; source, owner, DB usage, and headless/API impact still need confirmation.","production app/etc/config.php or setup_module DB state; owner decision; DB tables; cron; observers/plugins/preferences; GraphQL/REST impact; license/support; test coverage"
Vapewholesaleusa,MageWorxOrdersGrid,Vapewholesaleusa_MageWorxOrdersGrid,vusa244/app/code/Vapewholesaleusa/MageWorxOrdersGrid,13,Defer,"legacy repo scan; needs production config/DB confirmation","Inventory-only row pending owner/source/API review.","production app/etc/config.php or setup_module DB state; owner decision; DB tables; cron; observers/plugins/preferences; GraphQL/REST impact; license/support; test coverage"
Vapewholesaleusa,MageWorxSeoAll,Vapewholesaleusa_MageWorxSeoAll,vusa244/app/code/Vapewholesaleusa/MageWorxSeoAll,5,Defer,"legacy repo scan; needs production config/DB confirmation","Inventory-only row pending owner/source/API review.","production app/etc/config.php or setup_module DB state; owner decision; DB tables; cron; observers/plugins/preferences; GraphQL/REST impact; license/support; test coverage"
Vapewholesaleusa,MageWorxSeoMarkup,Vapewholesaleusa_MageWorxSeoMarkup,vusa244/app/code/Vapewholesaleusa/MageWorxSeoMarkup,11,Defer,"legacy repo scan; needs production config/DB confirmation","Inventory-only row pending owner/source/API review.","production app/etc/config.php or setup_module DB state; owner decision; DB tables; cron; observers/plugins/preferences; GraphQL/REST impact; license/support; test coverage"
Vapewholesaleusa,MagentoCatalog,Vapewholesaleusa_MagentoCatalog,vusa244/app/code/Vapewholesaleusa/MagentoCatalog,38,"Rewrite Candidate","legacy repo scan; ECOM-20 ticket; ECOM-55 ticket","High-risk retained behavior or core/vendor override named in ECOM-55.","production app/etc/config.php or setup_module DB state; owner decision; DB tables; cron; observers/plugins/preferences; GraphQL/REST impact; license/support; test coverage"
Vapewholesaleusa,MagentoCatalogInventory,Vapewholesaleusa_MagentoCatalogInventory,vusa244/app/code/Vapewholesaleusa/MagentoCatalogInventory,15,Defer,"legacy repo scan; needs production config/DB confirmation","Inventory-only row pending owner/source/API review.","production app/etc/config.php or setup_module DB state; owner decision; DB tables; cron; observers/plugins/preferences; GraphQL/REST impact; license/support; test coverage"
Vapewholesaleusa,MagentoCatalogSearch,Vapewholesaleusa_MagentoCatalogSearch,vusa244/app/code/Vapewholesaleusa/MagentoCatalogSearch,9,Defer,"legacy repo scan; needs production config/DB confirmation","Inventory-only row pending owner/source/API review.","production app/etc/config.php or setup_module DB state; owner decision; DB tables; cron; observers/plugins/preferences; GraphQL/REST impact; license/support; test coverage"
Vapewholesaleusa,MagentoCheckout,Vapewholesaleusa_MagentoCheckout,vusa244/app/code/Vapewholesaleusa/MagentoCheckout,12,Defer,"legacy repo scan; needs production config/DB confirmation","Inventory-only row pending owner/source/API review.","production app/etc/config.php or setup_module DB state; owner decision; DB tables; cron; observers/plugins/preferences; GraphQL/REST impact; license/support; test coverage"
Vapewholesaleusa,MagentoConfig,Vapewholesaleusa_MagentoConfig,vusa244/app/code/Vapewholesaleusa/MagentoConfig,6,Defer,"legacy repo scan; needs production config/DB confirmation","Inventory-only row pending owner/source/API review.","production app/etc/config.php or setup_module DB state; owner decision; DB tables; cron; observers/plugins/preferences; GraphQL/REST impact; license/support; test coverage"
Vapewholesaleusa,MagentoConfigurableProduct,Vapewholesaleusa_MagentoConfigurableProduct,vusa244/app/code/Vapewholesaleusa/MagentoConfigurableProduct,34,"Rewrite Candidate","legacy repo scan; ECOM-20 ticket; ECOM-55 ticket","High-risk retained behavior or core/vendor override named in ECOM-55.","production app/etc/config.php or setup_module DB state; owner decision; DB tables; cron; observers/plugins/preferences; GraphQL/REST impact; license/support; test coverage"
Vapewholesaleusa,MagentoContact,Vapewholesaleusa_MagentoContact,vusa244/app/code/Vapewholesaleusa/MagentoContact,6,Defer,"legacy repo scan; needs production config/DB confirmation","Inventory-only row pending owner/source/API review.","production app/etc/config.php or setup_module DB state; owner decision; DB tables; cron; observers/plugins/preferences; GraphQL/REST impact; license/support; test coverage"
Vapewholesaleusa,MagentoCsp,Vapewholesaleusa_MagentoCsp,vusa244/app/code/Vapewholesaleusa/MagentoCsp,5,Defer,"legacy repo scan; needs production config/DB confirmation","Inventory-only row pending owner/source/API review.","production app/etc/config.php or setup_module DB state; owner decision; DB tables; cron; observers/plugins/preferences; GraphQL/REST impact; license/support; test coverage"
Vapewholesaleusa,MagentoCustomer,Vapewholesaleusa_MagentoCustomer,vusa244/app/code/Vapewholesaleusa/MagentoCustomer,16,Defer,"legacy repo scan; needs production config/DB confirmation","Inventory-only row pending owner/source/API review.","production app/etc/config.php or setup_module DB state; owner decision; DB tables; cron; observers/plugins/preferences; GraphQL/REST impact; license/support; test coverage"
Vapewholesaleusa,MagentoFramework,Vapewholesaleusa_MagentoFramework,vusa244/app/code/Vapewholesaleusa/MagentoFramework,6,Defer,"legacy repo scan; needs production config/DB confirmation","Inventory-only row pending owner/source/API review.","production app/etc/config.php or setup_module DB state; owner decision; DB tables; cron; observers/plugins/preferences; GraphQL/REST impact; license/support; test coverage"
Vapewholesaleusa,MagentoIntegration,Vapewholesaleusa_MagentoIntegration,vusa244/app/code/Vapewholesaleusa/MagentoIntegration,5,Defer,"legacy repo scan; needs production config/DB confirmation","Inventory-only row pending owner/source/API review.","production app/etc/config.php or setup_module DB state; owner decision; DB tables; cron; observers/plugins/preferences; GraphQL/REST impact; license/support; test coverage"
Vapewholesaleusa,MagentoInventoryCatalog,Vapewholesaleusa_MagentoInventoryCatalog,vusa244/app/code/Vapewholesaleusa/MagentoInventoryCatalog,5,Defer,"legacy repo scan; needs production config/DB confirmation","Inventory-only row pending owner/source/API review.","production app/etc/config.php or setup_module DB state; owner decision; DB tables; cron; observers/plugins/preferences; GraphQL/REST impact; license/support; test coverage"
Vapewholesaleusa,MagentoInventorySales,Vapewholesaleusa_MagentoInventorySales,vusa244/app/code/Vapewholesaleusa/MagentoInventorySales,6,Defer,"legacy repo scan; needs production config/DB confirmation","Inventory-only row pending owner/source/API review.","production app/etc/config.php or setup_module DB state; owner decision; DB tables; cron; observers/plugins/preferences; GraphQL/REST impact; license/support; test coverage"
Vapewholesaleusa,MagentoOfflinePayments,Vapewholesaleusa_MagentoOfflinePayments,vusa244/app/code/Vapewholesaleusa/MagentoOfflinePayments,10,Defer,"legacy repo scan; needs production config/DB confirmation","Inventory-only row pending owner/source/API review.","production app/etc/config.php or setup_module DB state; owner decision; DB tables; cron; observers/plugins/preferences; GraphQL/REST impact; license/support; test coverage"
Vapewholesaleusa,MagentoPageBuilder,Vapewholesaleusa_MagentoPageBuilder,vusa244/app/code/Vapewholesaleusa/MagentoPageBuilder,5,Defer,"legacy repo scan; needs production config/DB confirmation","Inventory-only row pending owner/source/API review.","production app/etc/config.php or setup_module DB state; owner decision; DB tables; cron; observers/plugins/preferences; GraphQL/REST impact; license/support; test coverage"
Vapewholesaleusa,MagentoQuote,Vapewholesaleusa_MagentoQuote,vusa244/app/code/Vapewholesaleusa/MagentoQuote,5,Defer,"legacy repo scan; needs production config/DB confirmation","Inventory-only row pending owner/source/API review.","production app/etc/config.php or setup_module DB state; owner decision; DB tables; cron; observers/plugins/preferences; GraphQL/REST impact; license/support; test coverage"
Vapewholesaleusa,MagentoReports,Vapewholesaleusa_MagentoReports,vusa244/app/code/Vapewholesaleusa/MagentoReports,6,Defer,"legacy repo scan; needs production config/DB confirmation","Inventory-only row pending owner/source/API review.","production app/etc/config.php or setup_module DB state; owner decision; DB tables; cron; observers/plugins/preferences; GraphQL/REST impact; license/support; test coverage"
Vapewholesaleusa,MagentoReview,Vapewholesaleusa_MagentoReview,vusa244/app/code/Vapewholesaleusa/MagentoReview,5,Defer,"legacy repo scan; needs production config/DB confirmation","Inventory-only row pending owner/source/API review.","production app/etc/config.php or setup_module DB state; owner decision; DB tables; cron; observers/plugins/preferences; GraphQL/REST impact; license/support; test coverage"
Vapewholesaleusa,MagentoSales,Vapewholesaleusa_MagentoSales,vusa244/app/code/Vapewholesaleusa/MagentoSales,30,"Rewrite Candidate","legacy repo scan; ECOM-20 ticket; ECOM-55 ticket","High-risk retained behavior or core/vendor override named in ECOM-55.","production app/etc/config.php or setup_module DB state; owner decision; DB tables; cron; observers/plugins/preferences; GraphQL/REST impact; license/support; test coverage"
Vapewholesaleusa,MagentoUsps,Vapewholesaleusa_MagentoUsps,vusa244/app/code/Vapewholesaleusa/MagentoUsps,5,Defer,"legacy repo scan; needs production config/DB confirmation","Inventory-only row pending owner/source/API review.","production app/etc/config.php or setup_module DB state; owner decision; DB tables; cron; observers/plugins/preferences; GraphQL/REST impact; license/support; test coverage"
Vapewholesaleusa,MageplazaBlog,Vapewholesaleusa_MageplazaBlog,vusa244/app/code/Vapewholesaleusa/MageplazaBlog,5,Defer,"legacy repo scan; needs production config/DB confirmation","Inventory-only row pending owner/source/API review.","production app/etc/config.php or setup_module DB state; owner decision; DB tables; cron; observers/plugins/preferences; GraphQL/REST impact; license/support; test coverage"
Vapewholesaleusa,MageplazaSmtp,Vapewholesaleusa_MageplazaSmtp,vusa244/app/code/Vapewholesaleusa/MageplazaSmtp,7,Defer,"legacy repo scan; ECOM-20 ticket; needs production config/DB confirmation","Matches ECOM-20 known keep category; source, owner, DB usage, and headless/API impact still need confirmation.","production app/etc/config.php or setup_module DB state; owner decision; DB tables; cron; observers/plugins/preferences; GraphQL/REST impact; license/support; test coverage"
Vapewholesaleusa,Menu,Vapewholesaleusa_Menu,vusa244/app/code/Vapewholesaleusa/Menu,4,Defer,"legacy repo scan; needs production config/DB confirmation","Inventory-only row pending owner/source/API review.","production app/etc/config.php or setup_module DB state; owner decision; DB tables; cron; observers/plugins/preferences; GraphQL/REST impact; license/support; test coverage"
Vapewholesaleusa,MirasvitSearch,Vapewholesaleusa_MirasvitSearch,vusa244/app/code/Vapewholesaleusa/MirasvitSearch,15,Defer,"legacy repo scan; needs production config/DB confirmation","Inventory-only row pending owner/source/API review.","production app/etc/config.php or setup_module DB state; owner decision; DB tables; cron; observers/plugins/preferences; GraphQL/REST impact; license/support; test coverage"
Vapewholesaleusa,Omnisend,Vapewholesaleusa_Omnisend,vusa244/app/code/Vapewholesaleusa/Omnisend,27,Defer,"legacy repo scan; ECOM-20 ticket; needs production config/DB confirmation","Matches ECOM-20 known keep category; source, owner, DB usage, and headless/API impact still need confirmation.","production app/etc/config.php or setup_module DB state; owner decision; DB tables; cron; observers/plugins/preferences; GraphQL/REST impact; license/support; test coverage"
Vapewholesaleusa,OpenAi,Vapewholesaleusa_OpenAi,vusa244/app/code/Vapewholesaleusa/OpenAi,84,Defer,"legacy repo scan; ECOM-20 ticket; needs production config/DB confirmation","Matches ECOM-20 known keep category; source, owner, DB usage, and headless/API impact still need confirmation.","production app/etc/config.php or setup_module DB state; owner decision; DB tables; cron; observers/plugins/preferences; GraphQL/REST impact; license/support; test coverage"
Vapewholesaleusa,OrderApproval,Vapewholesaleusa_OrderApproval,vusa244/app/code/Vapewholesaleusa/OrderApproval,15,Defer,"legacy repo scan; ECOM-20 ticket; needs production config/DB confirmation","Matches ECOM-20 known keep category; source, owner, DB usage, and headless/API impact still need confirmation.","production app/etc/config.php or setup_module DB state; owner decision; DB tables; cron; observers/plugins/preferences; GraphQL/REST impact; license/support; test coverage"
Vapewholesaleusa,OrderManagementEnhancements,Vapewholesaleusa_OrderManagementEnhancements,vusa244/app/code/Vapewholesaleusa/OrderManagementEnhancements,47,Defer,"legacy repo scan; needs production config/DB confirmation","Inventory-only row pending owner/source/API review.","production app/etc/config.php or setup_module DB state; owner decision; DB tables; cron; observers/plugins/preferences; GraphQL/REST impact; license/support; test coverage"
Vapewholesaleusa,OrderSource,Vapewholesaleusa_OrderSource,vusa244/app/code/Vapewholesaleusa/OrderSource,65,Defer,"legacy repo scan; ECOM-20 ticket; needs production config/DB confirmation","Matches ECOM-20 known keep category; source, owner, DB usage, and headless/API impact still need confirmation.","production app/etc/config.php or setup_module DB state; owner decision; DB tables; cron; observers/plugins/preferences; GraphQL/REST impact; license/support; test coverage"
Vapewholesaleusa,OutOfStockItemRemover,Vapewholesaleusa_OutOfStockItemRemover,vusa244/app/code/Vapewholesaleusa/OutOfStockItemRemover,17,Defer,"legacy repo scan; ECOM-20 ticket; needs production config/DB confirmation","Matches ECOM-20 known keep category; source, owner, DB usage, and headless/API impact still need confirmation.","production app/etc/config.php or setup_module DB state; owner decision; DB tables; cron; observers/plugins/preferences; GraphQL/REST impact; license/support; test coverage"
Vapewholesaleusa,PaymentAttempts,Vapewholesaleusa_PaymentAttempts,vusa244/app/code/Vapewholesaleusa/PaymentAttempts,27,Defer,"legacy repo scan; needs production config/DB confirmation","Inventory-only row pending owner/source/API review.","production app/etc/config.php or setup_module DB state; owner decision; DB tables; cron; observers/plugins/preferences; GraphQL/REST impact; license/support; test coverage"
Vapewholesaleusa,PaymentFailuresEmail,Vapewholesaleusa_PaymentFailuresEmail,vusa244/app/code/Vapewholesaleusa/PaymentFailuresEmail,8,"Rewrite Candidate","legacy repo scan; ECOM-20 ticket; ECOM-55 ticket","High-risk retained behavior or core/vendor override named in ECOM-55.","production app/etc/config.php or setup_module DB state; owner decision; DB tables; cron; observers/plugins/preferences; GraphQL/REST impact; license/support; test coverage"
Vapewholesaleusa,PaymentRequest,Vapewholesaleusa_PaymentRequest,vusa244/app/code/Vapewholesaleusa/PaymentRequest,40,"Rewrite Candidate","legacy repo scan; ECOM-20 ticket; ECOM-55 ticket","High-risk retained behavior or core/vendor override named in ECOM-55.","production app/etc/config.php or setup_module DB state; owner decision; DB tables; cron; observers/plugins/preferences; GraphQL/REST impact; license/support; test coverage"
Vapewholesaleusa,ProductChecker,Vapewholesaleusa_ProductChecker,vusa244/app/code/Vapewholesaleusa/ProductChecker,12,Defer,"legacy repo scan; ECOM-20 ticket; needs production config/DB confirmation","Matches ECOM-20 known keep category; source, owner, DB usage, and headless/API impact still need confirmation.","production app/etc/config.php or setup_module DB state; owner decision; DB tables; cron; observers/plugins/preferences; GraphQL/REST impact; license/support; test coverage"
Vapewholesaleusa,QuantityRule,Vapewholesaleusa_QuantityRule,vusa244/app/code/Vapewholesaleusa/QuantityRule,14,Defer,"legacy repo scan; ECOM-20 ticket; needs production config/DB confirmation","Matches ECOM-20 known keep category; source, owner, DB usage, and headless/API impact still need confirmation.","production app/etc/config.php or setup_module DB state; owner decision; DB tables; cron; observers/plugins/preferences; GraphQL/REST impact; license/support; test coverage"
Vapewholesaleusa,Refer,Vapewholesaleusa_Refer,vusa244/app/code/Vapewholesaleusa/Refer,41,Defer,"legacy repo scan; ECOM-20 ticket; needs production config/DB confirmation","Matches ECOM-20 known keep category; source, owner, DB usage, and headless/API impact still need confirmation.","production app/etc/config.php or setup_module DB state; owner decision; DB tables; cron; observers/plugins/preferences; GraphQL/REST impact; license/support; test coverage"
Vapewholesaleusa,RewardPointNotifier,Vapewholesaleusa_RewardPointNotifier,vusa244/app/code/Vapewholesaleusa/RewardPointNotifier,22,Defer,"legacy repo scan; needs production config/DB confirmation","Inventory-only row pending owner/source/API review.","production app/etc/config.php or setup_module DB state; owner decision; DB tables; cron; observers/plugins/preferences; GraphQL/REST impact; license/support; test coverage"
Vapewholesaleusa,RootwaysAuthorizecim,Vapewholesaleusa_RootwaysAuthorizecim,vusa244/app/code/Vapewholesaleusa/RootwaysAuthorizecim,9,"Rewrite Candidate","legacy repo scan; ECOM-20 ticket; ECOM-55 ticket","High-risk retained behavior or core/vendor override named in ECOM-55.","production app/etc/config.php or setup_module DB state; owner decision; DB tables; cron; observers/plugins/preferences; GraphQL/REST impact; license/support; test coverage"
Vapewholesaleusa,SalesRule,Vapewholesaleusa_SalesRule,vusa244/app/code/Vapewholesaleusa/SalesRule,8,Defer,"legacy repo scan; ECOM-20 ticket; needs production config/DB confirmation","Matches ECOM-20 known keep category; source, owner, DB usage, and headless/API impact still need confirmation.","production app/etc/config.php or setup_module DB state; owner decision; DB tables; cron; observers/plugins/preferences; GraphQL/REST impact; license/support; test coverage"
Vapewholesaleusa,ShipmentsEmail,Vapewholesaleusa_ShipmentsEmail,vusa244/app/code/Vapewholesaleusa/ShipmentsEmail,12,Defer,"legacy repo scan; needs production config/DB confirmation","Inventory-only row pending owner/source/API review.","production app/etc/config.php or setup_module DB state; owner decision; DB tables; cron; observers/plugins/preferences; GraphQL/REST impact; license/support; test coverage"
Vapewholesaleusa,SpeedOptimizer,Vapewholesaleusa_SpeedOptimizer,vusa244/app/code/Vapewholesaleusa/SpeedOptimizer,16,Defer,"legacy repo scan; needs production config/DB confirmation","Inventory-only row pending owner/source/API review.","production app/etc/config.php or setup_module DB state; owner decision; DB tables; cron; observers/plugins/preferences; GraphQL/REST impact; license/support; test coverage"
Vapewholesaleusa,SplitDb,Vapewholesaleusa_SplitDb,vusa244/app/code/Vapewholesaleusa/SplitDb,7,"Rewrite Candidate","legacy repo scan; ECOM-20 ticket; ECOM-55 ticket","High-risk retained behavior or core/vendor override named in ECOM-55.","production app/etc/config.php or setup_module DB state; owner decision; DB tables; cron; observers/plugins/preferences; GraphQL/REST impact; license/support; test coverage"
Vapewholesaleusa,StateShippingBan,Vapewholesaleusa_StateShippingBan,vusa244/app/code/Vapewholesaleusa/StateShippingBan,24,Defer,"legacy repo scan; ECOM-20 ticket; needs production config/DB confirmation","Matches ECOM-20 known keep category; source, owner, DB usage, and headless/API impact still need confirmation.","production app/etc/config.php or setup_module DB state; owner decision; DB tables; cron; observers/plugins/preferences; GraphQL/REST impact; license/support; test coverage"
Vapewholesaleusa,StockIgnore,Vapewholesaleusa_StockIgnore,vusa244/app/code/Vapewholesaleusa/StockIgnore,14,Defer,"legacy repo scan; ECOM-20 ticket; needs production config/DB confirmation","Matches ECOM-20 known keep category; source, owner, DB usage, and headless/API impact still need confirmation.","production app/etc/config.php or setup_module DB state; owner decision; DB tables; cron; observers/plugins/preferences; GraphQL/REST impact; license/support; test coverage"
Vapewholesaleusa,StockQueue,Vapewholesaleusa_StockQueue,vusa244/app/code/Vapewholesaleusa/StockQueue,17,Defer,"legacy repo scan; ECOM-20 ticket; needs production config/DB confirmation","Matches ECOM-20 known keep category; source, owner, DB usage, and headless/API impact still need confirmation.","production app/etc/config.php or setup_module DB state; owner decision; DB tables; cron; observers/plugins/preferences; GraphQL/REST impact; license/support; test coverage"
Vapewholesaleusa,StockSheet,Vapewholesaleusa_StockSheet,vusa244/app/code/Vapewholesaleusa/StockSheet,33,Defer,"legacy repo scan; ECOM-20 ticket; needs production config/DB confirmation","Matches ECOM-20 known keep category; source, owner, DB usage, and headless/API impact still need confirmation.","production app/etc/config.php or setup_module DB state; owner decision; DB tables; cron; observers/plugins/preferences; GraphQL/REST impact; license/support; test coverage"
Vapewholesaleusa,StoreCreditNotifier,Vapewholesaleusa_StoreCreditNotifier,vusa244/app/code/Vapewholesaleusa/StoreCreditNotifier,22,Defer,"legacy repo scan; needs production config/DB confirmation","Inventory-only row pending owner/source/API review.","production app/etc/config.php or setup_module DB state; owner decision; DB tables; cron; observers/plugins/preferences; GraphQL/REST impact; license/support; test coverage"
Vapewholesaleusa,TableCleaner,Vapewholesaleusa_TableCleaner,vusa244/app/code/Vapewholesaleusa/TableCleaner,13,"Rewrite Candidate","legacy repo scan; ECOM-20 ticket; ECOM-55 ticket","High-risk retained behavior or core/vendor override named in ECOM-55.","production app/etc/config.php or setup_module DB state; owner decision; DB tables; cron; observers/plugins/preferences; GraphQL/REST impact; license/support; test coverage"
Vapewholesaleusa,TaxManagement,Vapewholesaleusa_TaxManagement,vusa244/app/code/Vapewholesaleusa/TaxManagement,11,Defer,"legacy repo scan; ECOM-20 ticket; needs production config/DB confirmation","Matches ECOM-20 known keep category; source, owner, DB usage, and headless/API impact still need confirmation.","production app/etc/config.php or setup_module DB state; owner decision; DB tables; cron; observers/plugins/preferences; GraphQL/REST impact; license/support; test coverage"
Vapewholesaleusa,TrackingNumbersInOneEmail,Vapewholesaleusa_TrackingNumbersInOneEmail,vusa244/app/code/Vapewholesaleusa/TrackingNumbersInOneEmail,20,"Rewrite Candidate","legacy repo scan; ECOM-20 ticket; ECOM-55 ticket","High-risk retained behavior or core/vendor override named in ECOM-55.","production app/etc/config.php or setup_module DB state; owner decision; DB tables; cron; observers/plugins/preferences; GraphQL/REST impact; license/support; test coverage"
Vapewholesaleusa,UnshippedOrderNotifier,Vapewholesaleusa_UnshippedOrderNotifier,vusa244/app/code/Vapewholesaleusa/UnshippedOrderNotifier,18,"Rewrite Candidate","legacy repo scan; ECOM-20 ticket; ECOM-55 ticket","High-risk retained behavior or core/vendor override named in ECOM-55.","production app/etc/config.php or setup_module DB state; owner decision; DB tables; cron; observers/plugins/preferences; GraphQL/REST impact; license/support; test coverage"
Vapewholesaleusa,WeltPixelAdvanceCategorySorting,Vapewholesaleusa_WeltPixelAdvanceCategorySorting,vusa244/app/code/Vapewholesaleusa/WeltPixelAdvanceCategorySorting,8,Remove,"legacy repo scan; ECOM-20 ticket","Known remove/theme/dead integration candidate unless backend/admin behavior is explicitly justified.","production app/etc/config.php or setup_module DB state; owner decision; DB tables; cron; observers/plugins/preferences; GraphQL/REST impact; license/support; test coverage"
Vapewholesaleusa,WeltPixelAjaxInfiniteScroll,Vapewholesaleusa_WeltPixelAjaxInfiniteScroll,vusa244/app/code/Vapewholesaleusa/WeltPixelAjaxInfiniteScroll,5,Remove,"legacy repo scan; ECOM-20 ticket","Known remove/theme/dead integration candidate unless backend/admin behavior is explicitly justified.","production app/etc/config.php or setup_module DB state; owner decision; DB tables; cron; observers/plugins/preferences; GraphQL/REST impact; license/support; test coverage"
Vapewholesaleusa,WeltPixelBackend,Vapewholesaleusa_WeltPixelBackend,vusa244/app/code/Vapewholesaleusa/WeltPixelBackend,6,Remove,"legacy repo scan; ECOM-20 ticket","Known remove/theme/dead integration candidate unless backend/admin behavior is explicitly justified.","production app/etc/config.php or setup_module DB state; owner decision; DB tables; cron; observers/plugins/preferences; GraphQL/REST impact; license/support; test coverage"
Vapewholesaleusa,WeltPixelEnhancedEmail,Vapewholesaleusa_WeltPixelEnhancedEmail,vusa244/app/code/Vapewholesaleusa/WeltPixelEnhancedEmail,13,Remove,"legacy repo scan; ECOM-20 ticket","Known remove/theme/dead integration candidate unless backend/admin behavior is explicitly justified.","production app/etc/config.php or setup_module DB state; owner decision; DB tables; cron; observers/plugins/preferences; GraphQL/REST impact; license/support; test coverage"
Vapewholesaleusa,WeltPixelGA4,Vapewholesaleusa_WeltPixelGA4,vusa244/app/code/Vapewholesaleusa/WeltPixelGA4,9,Remove,"legacy repo scan; ECOM-20 ticket","Known remove/theme/dead integration candidate unless backend/admin behavior is explicitly justified.","production app/etc/config.php or setup_module DB state; owner decision; DB tables; cron; observers/plugins/preferences; GraphQL/REST impact; license/support; test coverage"
Vapewholesaleusa,WeltPixelNavigationLinks,Vapewholesaleusa_WeltPixelNavigationLinks,vusa244/app/code/Vapewholesaleusa/WeltPixelNavigationLinks,11,Remove,"legacy repo scan; ECOM-20 ticket","Known remove/theme/dead integration candidate unless backend/admin behavior is explicitly justified.","production app/etc/config.php or setup_module DB state; owner decision; DB tables; cron; observers/plugins/preferences; GraphQL/REST impact; license/support; test coverage"
Vapewholesaleusa,WeltPixelOwlCarouselSlider,Vapewholesaleusa_WeltPixelOwlCarouselSlider,vusa244/app/code/Vapewholesaleusa/WeltPixelOwlCarouselSlider,12,Remove,"legacy repo scan; ECOM-20 ticket","Known remove/theme/dead integration candidate unless backend/admin behavior is explicitly justified.","production app/etc/config.php or setup_module DB state; owner decision; DB tables; cron; observers/plugins/preferences; GraphQL/REST impact; license/support; test coverage"
Vapewholesaleusa,WeltPixelProductLabels,Vapewholesaleusa_WeltPixelProductLabels,vusa244/app/code/Vapewholesaleusa/WeltPixelProductLabels,5,Remove,"legacy repo scan; ECOM-20 ticket","Known remove/theme/dead integration candidate unless backend/admin behavior is explicitly justified.","production app/etc/config.php or setup_module DB state; owner decision; DB tables; cron; observers/plugins/preferences; GraphQL/REST impact; license/support; test coverage"
Vapewholesaleusa,Wysiwyg,Vapewholesaleusa_Wysiwyg,vusa244/app/code/Vapewholesaleusa/Wysiwyg,4,Defer,"legacy repo scan; needs production config/DB confirmation","Inventory-only row pending owner/source/API review.","production app/etc/config.php or setup_module DB state; owner decision; DB tables; cron; observers/plugins/preferences; GraphQL/REST impact; license/support; test coverage"
WeltPixel,AdvanceCategorySorting,WeltPixel_AdvanceCategorySorting,vusa244/app/code/WeltPixel/AdvanceCategorySorting,40,Remove,"legacy repo scan; ECOM-20 ticket","Known remove/theme/dead integration candidate unless backend/admin behavior is explicitly justified.","production app/etc/config.php or setup_module DB state; owner decision; DB tables; cron; observers/plugins/preferences; GraphQL/REST impact; license/support; test coverage"
WeltPixel,AdvancedWishlist,WeltPixel_AdvancedWishlist,vusa244/app/code/WeltPixel/AdvancedWishlist,82,Remove,"legacy repo scan; ECOM-20 ticket","Known remove/theme/dead integration candidate unless backend/admin behavior is explicitly justified.","production app/etc/config.php or setup_module DB state; owner decision; DB tables; cron; observers/plugins/preferences; GraphQL/REST impact; license/support; test coverage"
WeltPixel,AjaxInfiniteScroll,WeltPixel_AjaxInfiniteScroll,vusa244/app/code/WeltPixel/AjaxInfiniteScroll,37,Remove,"legacy repo scan; ECOM-20 ticket","Known remove/theme/dead integration candidate unless backend/admin behavior is explicitly justified.","production app/etc/config.php or setup_module DB state; owner decision; DB tables; cron; observers/plugins/preferences; GraphQL/REST impact; license/support; test coverage"
WeltPixel,Backend,WeltPixel_Backend,vusa244/app/code/WeltPixel/Backend,77,Remove,"legacy repo scan; ECOM-20 ticket","Known remove/theme/dead integration candidate unless backend/admin behavior is explicitly justified.","production app/etc/config.php or setup_module DB state; owner decision; DB tables; cron; observers/plugins/preferences; GraphQL/REST impact; license/support; test coverage"
WeltPixel,CategoryPage,WeltPixel_CategoryPage,vusa244/app/code/WeltPixel/CategoryPage,51,Remove,"legacy repo scan; ECOM-20 ticket","Known remove/theme/dead integration candidate unless backend/admin behavior is explicitly justified.","production app/etc/config.php or setup_module DB state; owner decision; DB tables; cron; observers/plugins/preferences; GraphQL/REST impact; license/support; test coverage"
WeltPixel,CmsBlockScheduler,WeltPixel_CmsBlockScheduler,vusa244/app/code/WeltPixel/CmsBlockScheduler,53,Remove,"legacy repo scan; ECOM-20 ticket","Known remove/theme/dead integration candidate unless backend/admin behavior is explicitly justified.","production app/etc/config.php or setup_module DB state; owner decision; DB tables; cron; observers/plugins/preferences; GraphQL/REST impact; license/support; test coverage"
WeltPixel,Command,WeltPixel_Command,vusa244/app/code/WeltPixel/Command,103,Remove,"legacy repo scan; ECOM-20 ticket","Known remove/theme/dead integration candidate unless backend/admin behavior is explicitly justified.","production app/etc/config.php or setup_module DB state; owner decision; DB tables; cron; observers/plugins/preferences; GraphQL/REST impact; license/support; test coverage"
WeltPixel,CustomFooter,WeltPixel_CustomFooter,vusa244/app/code/WeltPixel/CustomFooter,28,Remove,"legacy repo scan; ECOM-20 ticket","Known remove/theme/dead integration candidate unless backend/admin behavior is explicitly justified.","production app/etc/config.php or setup_module DB state; owner decision; DB tables; cron; observers/plugins/preferences; GraphQL/REST impact; license/support; test coverage"
WeltPixel,CustomHeader,WeltPixel_CustomHeader,vusa244/app/code/WeltPixel/CustomHeader,58,Remove,"legacy repo scan; ECOM-20 ticket","Known remove/theme/dead integration candidate unless backend/admin behavior is explicitly justified.","production app/etc/config.php or setup_module DB state; owner decision; DB tables; cron; observers/plugins/preferences; GraphQL/REST impact; license/support; test coverage"
WeltPixel,DesignElements,WeltPixel_DesignElements,vusa244/app/code/WeltPixel/DesignElements,193,Remove,"legacy repo scan; ECOM-20 ticket","Known remove/theme/dead integration candidate unless backend/admin behavior is explicitly justified.","production app/etc/config.php or setup_module DB state; owner decision; DB tables; cron; observers/plugins/preferences; GraphQL/REST impact; license/support; test coverage"
WeltPixel,EnhancedEmail,WeltPixel_EnhancedEmail,vusa244/app/code/WeltPixel/EnhancedEmail,216,Remove,"legacy repo scan; ECOM-20 ticket","Known remove/theme/dead integration candidate unless backend/admin behavior is explicitly justified.","production app/etc/config.php or setup_module DB state; owner decision; DB tables; cron; observers/plugins/preferences; GraphQL/REST impact; license/support; test coverage"
WeltPixel,FrontendOptions,WeltPixel_FrontendOptions,vusa244/app/code/WeltPixel/FrontendOptions,54,Remove,"legacy repo scan; ECOM-20 ticket","Known remove/theme/dead integration candidate unless backend/admin behavior is explicitly justified.","production app/etc/config.php or setup_module DB state; owner decision; DB tables; cron; observers/plugins/preferences; GraphQL/REST impact; license/support; test coverage"
WeltPixel,FullPageScroll,WeltPixel_FullPageScroll,vusa244/app/code/WeltPixel/FullPageScroll,23,Remove,"legacy repo scan; ECOM-20 ticket","Known remove/theme/dead integration candidate unless backend/admin behavior is explicitly justified.","production app/etc/config.php or setup_module DB state; owner decision; DB tables; cron; observers/plugins/preferences; GraphQL/REST impact; license/support; test coverage"
WeltPixel,GA4,WeltPixel_GA4,vusa244/app/code/WeltPixel/GA4,108,Remove,"legacy repo scan; ECOM-20 ticket","Known remove/theme/dead integration candidate unless backend/admin behavior is explicitly justified.","production app/etc/config.php or setup_module DB state; owner decision; DB tables; cron; observers/plugins/preferences; GraphQL/REST impact; license/support; test coverage"
WeltPixel,GoogleCards,WeltPixel_GoogleCards,vusa244/app/code/WeltPixel/GoogleCards,73,Remove,"legacy repo scan; ECOM-20 ticket","Known remove/theme/dead integration candidate unless backend/admin behavior is explicitly justified.","production app/etc/config.php or setup_module DB state; owner decision; DB tables; cron; observers/plugins/preferences; GraphQL/REST impact; license/support; test coverage"
WeltPixel,InstagramWidget,WeltPixel_InstagramWidget,vusa244/app/code/WeltPixel/InstagramWidget,50,Remove,"legacy repo scan; ECOM-20 ticket","Known remove/theme/dead integration candidate unless backend/admin behavior is explicitly justified.","production app/etc/config.php or setup_module DB state; owner decision; DB tables; cron; observers/plugins/preferences; GraphQL/REST impact; license/support; test coverage"
WeltPixel,LayeredNavigation,WeltPixel_LayeredNavigation,vusa244/app/code/WeltPixel/LayeredNavigation,85,Remove,"legacy repo scan; ECOM-20 ticket","Known remove/theme/dead integration candidate unless backend/admin behavior is explicitly justified.","production app/etc/config.php or setup_module DB state; owner decision; DB tables; cron; observers/plugins/preferences; GraphQL/REST impact; license/support; test coverage"
WeltPixel,LazyLoading,WeltPixel_LazyLoading,vusa244/app/code/WeltPixel/LazyLoading,30,Remove,"legacy repo scan; ECOM-20 ticket","Known remove/theme/dead integration candidate unless backend/admin behavior is explicitly justified.","production app/etc/config.php or setup_module DB state; owner decision; DB tables; cron; observers/plugins/preferences; GraphQL/REST impact; license/support; test coverage"
WeltPixel,MobileDetect,WeltPixel_MobileDetect,vusa244/app/code/WeltPixel/MobileDetect,8,Remove,"legacy repo scan; ECOM-20 ticket","Known remove/theme/dead integration candidate unless backend/admin behavior is explicitly justified.","production app/etc/config.php or setup_module DB state; owner decision; DB tables; cron; observers/plugins/preferences; GraphQL/REST impact; license/support; test coverage"
WeltPixel,Multistore,WeltPixel_Multistore,vusa244/app/code/WeltPixel/Multistore,35,Remove,"legacy repo scan; ECOM-20 ticket","Known remove/theme/dead integration candidate unless backend/admin behavior is explicitly justified.","production app/etc/config.php or setup_module DB state; owner decision; DB tables; cron; observers/plugins/preferences; GraphQL/REST impact; license/support; test coverage"
WeltPixel,NavigationLinks,WeltPixel_NavigationLinks,vusa244/app/code/WeltPixel/NavigationLinks,83,Remove,"legacy repo scan; ECOM-20 ticket","Known remove/theme/dead integration candidate unless backend/admin behavior is explicitly justified.","production app/etc/config.php or setup_module DB state; owner decision; DB tables; cron; observers/plugins/preferences; GraphQL/REST impact; license/support; test coverage"
WeltPixel,Newsletter,WeltPixel_Newsletter,vusa244/app/code/WeltPixel/Newsletter,52,Remove,"legacy repo scan; ECOM-20 ticket","Known remove/theme/dead integration candidate unless backend/admin behavior is explicitly justified.","production app/etc/config.php or setup_module DB state; owner decision; DB tables; cron; observers/plugins/preferences; GraphQL/REST impact; license/support; test coverage"
WeltPixel,OwlCarouselSlider,WeltPixel_OwlCarouselSlider,vusa244/app/code/WeltPixel/OwlCarouselSlider,133,Remove,"legacy repo scan; ECOM-20 ticket","Known remove/theme/dead integration candidate unless backend/admin behavior is explicitly justified.","production app/etc/config.php or setup_module DB state; owner decision; DB tables; cron; observers/plugins/preferences; GraphQL/REST impact; license/support; test coverage"
WeltPixel,ProductLabels,WeltPixel_ProductLabels,vusa244/app/code/WeltPixel/ProductLabels,97,Remove,"legacy repo scan; ECOM-20 ticket","Known remove/theme/dead integration candidate unless backend/admin behavior is explicitly justified.","production app/etc/config.php or setup_module DB state; owner decision; DB tables; cron; observers/plugins/preferences; GraphQL/REST impact; license/support; test coverage"
WeltPixel,ProductPage,WeltPixel_ProductPage,vusa244/app/code/WeltPixel/ProductPage,128,Remove,"legacy repo scan; ECOM-20 ticket","Known remove/theme/dead integration candidate unless backend/admin behavior is explicitly justified.","production app/etc/config.php or setup_module DB state; owner decision; DB tables; cron; observers/plugins/preferences; GraphQL/REST impact; license/support; test coverage"
WeltPixel,QuickCart,WeltPixel_QuickCart,vusa244/app/code/WeltPixel/QuickCart,44,Remove,"legacy repo scan; ECOM-20 ticket","Known remove/theme/dead integration candidate unless backend/admin behavior is explicitly justified.","production app/etc/config.php or setup_module DB state; owner decision; DB tables; cron; observers/plugins/preferences; GraphQL/REST impact; license/support; test coverage"
WeltPixel,Quickview,WeltPixel_Quickview,vusa244/app/code/WeltPixel/Quickview,142,Remove,"legacy repo scan; ECOM-20 ticket","Known remove/theme/dead integration candidate unless backend/admin behavior is explicitly justified.","production app/etc/config.php or setup_module DB state; owner decision; DB tables; cron; observers/plugins/preferences; GraphQL/REST impact; license/support; test coverage"
WeltPixel,RecentlyViewedBar,WeltPixel_RecentlyViewedBar,vusa244/app/code/WeltPixel/RecentlyViewedBar,35,Remove,"legacy repo scan; ECOM-20 ticket","Known remove/theme/dead integration candidate unless backend/admin behavior is explicitly justified.","production app/etc/config.php or setup_module DB state; owner decision; DB tables; cron; observers/plugins/preferences; GraphQL/REST impact; license/support; test coverage"
WeltPixel,ReviewsWidget,WeltPixel_ReviewsWidget,vusa244/app/code/WeltPixel/ReviewsWidget,31,Remove,"legacy repo scan; ECOM-20 ticket","Known remove/theme/dead integration candidate unless backend/admin behavior is explicitly justified.","production app/etc/config.php or setup_module DB state; owner decision; DB tables; cron; observers/plugins/preferences; GraphQL/REST impact; license/support; test coverage"
WeltPixel,SampleData,WeltPixel_SampleData,vusa244/app/code/WeltPixel/SampleData,68,Remove,"legacy repo scan; ECOM-20 ticket","Known remove/theme/dead integration candidate unless backend/admin behavior is explicitly justified.","production app/etc/config.php or setup_module DB state; owner decision; DB tables; cron; observers/plugins/preferences; GraphQL/REST impact; license/support; test coverage"
WeltPixel,SearchAutoComplete,WeltPixel_SearchAutoComplete,vusa244/app/code/WeltPixel/SearchAutoComplete,37,Remove,"legacy repo scan; ECOM-20 ticket","Known remove/theme/dead integration candidate unless backend/admin behavior is explicitly justified.","production app/etc/config.php or setup_module DB state; owner decision; DB tables; cron; observers/plugins/preferences; GraphQL/REST impact; license/support; test coverage"
WeltPixel,Sitemap,WeltPixel_Sitemap,vusa244/app/code/WeltPixel/Sitemap,73,Remove,"legacy repo scan; ECOM-20 ticket","Known remove/theme/dead integration candidate unless backend/admin behavior is explicitly justified.","production app/etc/config.php or setup_module DB state; owner decision; DB tables; cron; observers/plugins/preferences; GraphQL/REST impact; license/support; test coverage"
WeltPixel,SmartProductTabs,WeltPixel_SmartProductTabs,vusa244/app/code/WeltPixel/SmartProductTabs,78,Remove,"legacy repo scan; ECOM-20 ticket","Known remove/theme/dead integration candidate unless backend/admin behavior is explicitly justified.","production app/etc/config.php or setup_module DB state; owner decision; DB tables; cron; observers/plugins/preferences; GraphQL/REST impact; license/support; test coverage"
WeltPixel,SocialLogin,WeltPixel_SocialLogin,vusa244/app/code/WeltPixel/SocialLogin,155,Remove,"legacy repo scan; ECOM-20 ticket","Known remove/theme/dead integration candidate unless backend/admin behavior is explicitly justified.","production app/etc/config.php or setup_module DB state; owner decision; DB tables; cron; observers/plugins/preferences; GraphQL/REST impact; license/support; test coverage"
WeltPixel,SpeedOptimization,WeltPixel_SpeedOptimization,vusa244/app/code/WeltPixel/SpeedOptimization,60,Remove,"legacy repo scan; ECOM-20 ticket","Known remove/theme/dead integration candidate unless backend/admin behavior is explicitly justified.","production app/etc/config.php or setup_module DB state; owner decision; DB tables; cron; observers/plugins/preferences; GraphQL/REST impact; license/support; test coverage"
WeltPixel,ThankYouPage,WeltPixel_ThankYouPage,vusa244/app/code/WeltPixel/ThankYouPage,50,Remove,"legacy repo scan; ECOM-20 ticket","Known remove/theme/dead integration candidate unless backend/admin behavior is explicitly justified.","production app/etc/config.php or setup_module DB state; owner decision; DB tables; cron; observers/plugins/preferences; GraphQL/REST impact; license/support; test coverage"
WeltPixel,TitleRewrite,WeltPixel_TitleRewrite,vusa244/app/code/WeltPixel/TitleRewrite,14,Remove,"legacy repo scan; ECOM-20 ticket","Known remove/theme/dead integration candidate unless backend/admin behavior is explicitly justified.","production app/etc/config.php or setup_module DB state; owner decision; DB tables; cron; observers/plugins/preferences; GraphQL/REST impact; license/support; test coverage"
WeltPixel,UserProfile,WeltPixel_UserProfile,vusa244/app/code/WeltPixel/UserProfile,87,Remove,"legacy repo scan; ECOM-20 ticket","Known remove/theme/dead integration candidate unless backend/admin behavior is explicitly justified.","production app/etc/config.php or setup_module DB state; owner decision; DB tables; cron; observers/plugins/preferences; GraphQL/REST impact; license/support; test coverage"
