"module","schema_version","data_version"
"Aheadworks_RewardPoints","1.8.1","1.8.1"
"Amasty_AdvancedReview","1.14.2","1.14.2"
"Amasty_AdvancedReviewGraphQl","1.0.0","1.0.0"
"Amasty_BannersLite","1.0.0","1.0.0"
"Amasty_Base","1.6.3","1.6.3"
"Amasty_Checkout","4.0.0","4.0.0"
"Amasty_CheckoutCore","1.1.0","1.1.0"
"Amasty_CheckoutGraphQl","1.0.0","1.0.0"
"Amasty_CommonRules","1.0.0","1.0.0"
"Amasty_CommonTests","1.0.0","1.0.0"
"Amasty_Conditions","1.5.1","1.5.1"
"Amasty_Conf","2.5.4","2.5.4"
"Amasty_CronScheduleList","1.0.0","1.0.0"
"Amasty_CustomerAttributes","2.2.4","2.2.4"
"Amasty_Faq","2.9.2","2.9.2"
"Amasty_Geoip","1.5.1","1.5.1"
"Amasty_GoogleAccountLogin","1.0.0","1.0.0"
"Amasty_GroupAssign","1.0.5","1.0.5"
"Amasty_HidePrice","1.5.5","1.5.5"
"Amasty_ImageOptimizer","1.0.0","1.0.0"
"Amasty_ImageOptimizerUi","1.0.0","1.0.0"
"Amasty_InvisibleCaptcha","2.2.2","2.2.2"
"Amasty_LazyLoad","1.0.0","1.0.0"
"Amasty_LazyLoadUi","1.0.0","1.0.0"
"Amasty_Mage24Fix","1.0.0","1.0.0"
"Amasty_Mostviewed","2.8.5","2.8.5"
"Amasty_PageSpeedOptimizer","1.9.0","1.9.0"
"Amasty_PageSpeedTools","1.0.0","1.0.0"
"Amasty_Perm","1.0.0","1.0.0"
"Amasty_Preorder","1.3.14","1.3.14"
"Amasty_ProductAttachmentLite","1.0.0","1.0.0"
"Amasty_Promo","2.10.7","2.10.7"
"Amasty_PromoBanners","1.1.0","1.1.0"
"Amasty_PromoMFTF2","1.0.0","1.0.0"
"Amasty_PromoMFTF3","1.0.0","1.0.0"
"Amasty_QuickOrder","1.0.0","1.0.0"
"Amasty_Reindex","1.0.0","1.0.0"
"Amasty_ReportBuilder","1.0.0","1.0.0"
"Amasty_ReportBuilderEstimation","1.0.0","1.0.0"
"Amasty_ReportsToBuilder","1.0.0","1.0.0"
"Amasty_Rewards","1.14.0","1.14.0"
"Amasty_RewardsGraphQl","1.0.0","1.0.0"
"Amasty_Rgrid","1.0.0","1.0.0"
"Amasty_Rma","2.2.0","2.2.0"
"Amasty_Rules","2.5.1","2.5.1"
"Amasty_RulesLoyalty","1.0.0","1.0.0"
"Amasty_RulesPro","1.0.1","1.0.1"
"Amasty_SalesRuleWizard","1.0.0","1.0.0"
"Amasty_ShippingArea","1.0.0","1.0.0"
"Amasty_ShippingTableRates","1.9.4","1.9.4"
"Amasty_Shiprestriction","2.6.0","2.6.0"
"Amasty_Shiprules","2.7.0","2.7.0"
"Amasty_Shopby","2.15.4","2.15.4"
"Amasty_ShopbyBase","2.13.13","2.13.13"
"Amasty_ShopbyBrand","2.10.12","2.10.12"
"Amasty_ShopbyBrandGraphQl","1.0.0","1.0.0"
"Amasty_ShopbyGraphQl","1.0.0","1.0.0"
"Amasty_ShopbyPage","1.0.1","1.0.1"
"Amasty_ShopbySeo","1.0.1","1.0.1"
"Amasty_StoreCredit","1.1.0","1.1.0"
"Amasty_VisualMerch","1.5.2","1.5.2"
"Amasty_VisualMerchCore","1.0.0","1.0.0"
"Amasty_VisualMerchUi","1.0.0","1.0.0"
"Amasty_Xnotif","1.9.0","1.9.0"
"Amazon_Core","3.3.1","3.3.1"
"Amazon_Login","3.3.1","3.3.1"
"Amazon_Payment","3.3.1","3.3.1"
"Auctane_Api","2.5.8","2.5.8"
"Bss_ConfiguableGridView","1.3.5","1.3.5"
"Bss_ConfigurableProductWholesale","1.3.3","1.3.3"
"Ced_Pos","1.0.10","1.0.10"
"Cminds_Salesrep","1.4.5","1.4.5"
"Dotdigitalgroup_Chat","1.0.0","1.0.0"
"Dotdigitalgroup_Email","4.1.0","4.1.0"
"Emipro_Apichange","1.0.15","1.0.15"
"Firebear_ConfigurableProducts","1.6.0","1.6.0"
"Firebear_ImportExport","3.8.7","3.8.7"
"Firebear_ImportExportMsi","1.1.4","1.1.4"
"KiwiCommerce_AdminActivity","1.0.7","1.0.7"
"Klarna_Core","5.2.3","5.2.3"
"Klarna_Kp","6.4.0","6.4.0"
"Klarna_KpGraphQl","0.9.1","0.9.1"
"Klarna_Onsitemessaging","1.0.3","1.0.3"
"Klarna_Ordermanagement","5.0.7","5.0.7"
"Magenest_Core","1.3.1","1.3.1"
"Magenest_QuickBooksOnline","2.6.1","2.6.1"
"Magenest_ZohocrmIntegration","2.1.6","2.1.6"
"Magento_AuthorizenetAcceptjs","1.0.0","1.0.0"
"Magento_ComposerRootUpdatePlugin","0.1.0","0.1.0"
"Magento_DataExporter","42.0.1","42.0.1"
"Magento_GoogleShoppingAds","4.0.1","4.0.1"
"Magento_PageBuilderImageAttribute","1.0.0","1.0.0"
"Magento_PaypalReCaptcha","2.0.0","2.0.0"
"Magento_QueryXml","42.0.0","42.0.0"
"Magento_Securitytxt","1.0.0","1.0.0"
"Magento_ServicesConnector","1.1.0","1.1.0"
"Magento_ServicesId","1.1.0","1.1.0"
"Magento_ServicesIdLayout","1.0.0","1.0.0"
"Mageplaza_AjaxLayer","1.0.0","1.0.0"
"Mageplaza_BetterMaintenance","1.0.0","1.0.0"
"Mageplaza_Blog","2.5.5","2.5.5"
"Mageplaza_Core","1.0.0","1.0.0"
"Mageplaza_CronSchedule","1.0.0","1.0.0"
"Mageplaza_LayeredNavigation","2.0.0","2.0.0"
"Mageplaza_LoginAsCustomer","1.0.0","1.0.0"
"Mageplaza_Search","1.0.0","1.0.0"
"Mageplaza_Smtp","1.2.5","1.2.5"
"Mageplaza_ZohoCRM","1.0.1","1.0.1"
"MageSuite_Magepack","1.0.0","1.0.0"
"MageWorx_DynamicOptionsBase","1.0.1","1.0.1"
"MageWorx_HtmlSitemap","2.0.0","2.0.0"
"MageWorx_Info","1.0.0","1.0.0"
"MageWorx_OptionAdvancedPricing","2.0.1","2.0.1"
"MageWorx_OptionBase","2.0.5","2.0.5"
"MageWorx_OptionDependency","2.0.10","2.0.10"
"MageWorx_OptionFeatures","1.0.20","1.0.20"
"MageWorx_OptionHealthChecker","1.0.0","1.0.0"
"MageWorx_OptionImportExport","2.0.0","2.0.0"
"MageWorx_OptionInventory","2.0.1","2.0.1"
"MageWorx_OptionLink","2.0.1","2.0.1"
"MageWorx_OptionSkuPolicy","2.0.0","2.0.0"
"MageWorx_OptionSwatches","2.0.1","2.0.1"
"MageWorx_OptionTemplates","2.0.6","2.0.6"
"MageWorx_OptionVisibility","2.0.1","2.0.1"
"MageWorx_OrderEditor","2.10.0","2.10.0"
"MageWorx_OrdersBase","2.0.0","2.0.0"
"MageWorx_OrdersGrid","1.2.0","1.2.0"
"MageWorx_SeoAll","2.0.0","2.0.0"
"MageWorx_SeoBase","2.2.1","2.2.1"
"MageWorx_SeoBreadcrumbs","2.0.0","2.0.0"
"MageWorx_SeoCategoryGrid","1.0.0","1.0.0"
"MageWorx_SeoCrossLinks","2.1.1","2.1.1"
"MageWorx_SeoExtended","2.1.2","2.1.2"
"MageWorx_SeoMarkup","2.1.0","2.1.0"
"MageWorx_SeoRedirects","2.2.1","2.2.1"
"MageWorx_SeoReports","2.0.1","2.0.1"
"MageWorx_SeoUrls","2.0.0","2.0.0"
"MageWorx_SeoXTemplates","2.0.8","2.0.8"
"MageWorx_ShortUrls","1.0.0","1.0.0"
"MageWorx_XmlSitemap","2.0.4","2.0.4"
"Makewebbetter_HubIntegration","4.0.6","4.0.6"
"Mirasvit_Core","1.0.4","1.0.4"
"Mirasvit_Dashboard","1.0.3","1.0.3"
"Mirasvit_Event","1.0.0","1.0.0"
"Mirasvit_Helpdesk","1.0.15","1.0.15"
"Mirasvit_Misspell","1.0.1","1.0.1"
"Mirasvit_Mq","1.0.0","1.0.0"
"Mirasvit_PushNotification","1.0.5","1.0.5"
"Mirasvit_Report","1.0.3","1.0.3"
"Mirasvit_ReportBuilder","1.0.0","1.0.0"
"Mirasvit_Reports","1.0.1","1.0.1"
"Mirasvit_Search","1.0.13","1.0.13"
"Mirasvit_SearchAutocomplete","1.0.0","1.0.0"
"Mirasvit_SearchElastic","1.0.0","1.0.0"
"Mirasvit_SearchElasticNative","1.0.0","1.0.0"
"Mirasvit_SearchElasticUltimate","1.0.0","1.0.0"
"Mirasvit_SearchGraphQl","1.0.0","1.0.0"
"Mirasvit_SearchLanding","1.0.1","1.0.1"
"Mirasvit_SearchMysql","1.0.0","1.0.0"
"Mirasvit_SearchReport","1.0.0","1.0.0"
"Mirasvit_SearchSphinx","1.0.0","1.0.0"
"Mirasvit_SearchUltimate","1.0.0","1.0.0"
"MSP_ReCaptcha","1.6.0","1.6.0"
"MSP_TwoFactorAuth","3.1.0","3.1.0"
"Mtn_AcceptBlue","1.0.11","1.0.11"
"Omnisend_Omnisend","1.2.0","1.2.0"
"ParadoxLabs_Authnetcim","5.0.0","5.0.0"
"ParadoxLabs_TokenBase","4.1.0.20180322","4.1.0.20180322"
"PayPal_Braintree","4.0.3","4.0.3"
"Rootways_Authorizecim","4.0.0","4.0.0"
"ScandiPWA_ContactGraphQl","1.0.0","1.0.0"
"ScandiPWA_CustomerDownloadableGraphQl","1.0.0","1.0.0"
"ScandiPWA_DirectoryGraphQl","1.0.0","1.0.0"
"ScandiPWA_ProductAlertsGraphQl","1.0.0","1.0.0"
"ScandiPWA_StoreGraphQL","1.0.0","1.0.0"
"Scandiweb_Core","0.1.3","0.1.3"
"Scandiweb_Slider","1.0.15","1.0.15"
"Smartwave_Core","2.0.0","2.0.0"
"Smartwave_Dailydeals","1.0.0","1.0.0"
"Smartwave_Filterproducts","2.0.1","2.0.1"
"Smartwave_Megamenu","2.1.0","2.1.0"
"Smartwave_Porto","3.2.4","3.2.4"
"Smartwave_Socialfeeds","2.0.0","2.0.0"
"Temando_Shipping","1.6.0","1.6.0"
"Vapewholesaleusa_AgeVerification","1.0.0","1.0.0"
"Vapewholesaleusa_AheadworksRewardPoints","1.0.0","1.0.0"
"Vapewholesaleusa_AmastyBannersLite","1.0.0","1.0.0"
"Vapewholesaleusa_AmastyCheckoutCore","1.0.0","1.0.0"
"Vapewholesaleusa_AmastyConditions","1.0.0","1.0.0"
"Vapewholesaleusa_AmastyCustomerAttributes","1.0.0","1.0.0"
"Vapewholesaleusa_AmastyGroupcat","1.0.0","1.0.0"
"Vapewholesaleusa_AmastyImageOptimizer","1.0.0","1.0.0"
"Vapewholesaleusa_AmastyPageSpeedTools","1.0.0","1.0.0"
"Vapewholesaleusa_AmastyPromo","1.0.0","1.0.0"
"Vapewholesaleusa_AmastyReports","1.0.0","1.0.0"
"Vapewholesaleusa_AmastyRules","1.0.0","1.0.0"
"Vapewholesaleusa_AmastySalesRuleWizard","1.0.0","1.0.0"
"Vapewholesaleusa_AmastyStoreCredit","1.0.0","1.0.0"
"Vapewholesaleusa_AttributeRemover","1.0.7","1.0.7"
"Vapewholesaleusa_AutoHoldForCustomerGroup","1.0.0","1.0.0"
"Vapewholesaleusa_Blogs","1.0.0","1.0.0"
"Vapewholesaleusa_BssConfiguableGridView","1.0.0","1.0.0"
"Vapewholesaleusa_CacheImprove","1.0.0","1.0.0"
"Vapewholesaleusa_CmindsSalesrep","1.0.0","1.0.0"
"Vapewholesaleusa_CriticalCss","1.0.0.0","1.0.0.0"
"Vapewholesaleusa_DeferJs","1.0.0","1.0.0"
"Vapewholesaleusa_ExportInvoice","1.0.0","1.0.0"
"Vapewholesaleusa_FirebearImportExport","1.0.0","1.0.0"
"Vapewholesaleusa_FluidPay","1.0.0","1.0.0"
"Vapewholesaleusa_ImageClean","1.1.1","1.1.1"
"Vapewholesaleusa_LockedTransactionIdentifier","1.0.0","1.0.0"
"Vapewholesaleusa_MagenestCore","1.0.0","1.0.0"
"Vapewholesaleusa_MagenestQuickBooksOnline","1.0.0","1.0.0"
"Vapewholesaleusa_MagenestZohocrmIntegration","1.0.0","1.0.0"
"Vapewholesaleusa_MagentoCatalog","1.0.0","1.0.0"
"Vapewholesaleusa_MagentoCatalogInventory","1.0.0","1.0.0"
"Vapewholesaleusa_MagentoCatalogSearch","1.0.0","1.0.0"
"Vapewholesaleusa_MagentoCheckout","1.0.0","1.0.0"
"Vapewholesaleusa_MagentoConfigurableProduct","1.0.0","1.0.0"
"Vapewholesaleusa_MagentoContact","1.0.0","1.0.0"
"Vapewholesaleusa_MagentoCsp","1.0.0","1.0.0"
"Vapewholesaleusa_MagentoCustomer","1.0.0","1.0.0"
"Vapewholesaleusa_MagentoFramework","1.0.0","1.0.0"
"Vapewholesaleusa_MagentoIntegration","1.0.0","1.0.0"
"Vapewholesaleusa_MagentoInventoryCatalog","1.0.0","1.0.0"
"Vapewholesaleusa_MagentoInventorySales","1.0.0","1.0.0"
"Vapewholesaleusa_MagentoInventorySalesApi","1.0.0","1.0.0"
"Vapewholesaleusa_MagentoPageBuilder","1.0.0","1.0.0"
"Vapewholesaleusa_MagentoQuote","1.0.0","1.0.0"
"Vapewholesaleusa_MagentoReview","1.0.0","1.0.0"
"Vapewholesaleusa_MagentoUsps","1.0.0","1.0.0"
"Vapewholesaleusa_MageplazaSmtp","1.0.0","1.0.0"
"Vapewholesaleusa_MageSuiteMagepack","1.0.0","1.0.0"
"Vapewholesaleusa_MageWorxOrderEditor","1.0.0","1.0.0"
"Vapewholesaleusa_MageWorxSeoAll","1.0.0","1.0.0"
"Vapewholesaleusa_MageWorxSeoMarkup","1.0.0","1.0.0"
"Vapewholesaleusa_Margin","1.0.0","1.0.0"
"Vapewholesaleusa_Omnisend","1.0.0","1.0.0"
"Vapewholesaleusa_OrderManagementEnhancements","1.0.0","1.0.0"
"Vapewholesaleusa_OrderSource","1.0.0","1.0.0"
"Vapewholesaleusa_OutOfStockItemRemover","1.0.0","1.0.0"
"Vapewholesaleusa_PaymentRequest","1.0.0","1.0.0"
"Vapewholesaleusa_ProductChecker","1.0.0","1.0.0"
"Vapewholesaleusa_ProductStockChecker","1.0.0","1.0.0"
"Vapewholesaleusa_QuantityRule","1.0.0","1.0.0"
"Vapewholesaleusa_SalesRule","1.0.0","1.0.0"
"Vapewholesaleusa_SplitDb","1.0.0","1.0.0"
"Vapewholesaleusa_StateShippingBan","1.0.0","1.0.0"
"Vapewholesaleusa_StockIgnore","1.0.0","1.0.0"
"Vapewholesaleusa_StockSheet","1.0.0","1.0.0"
"Vapewholesaleusa_StoreCreditNotifier","1.0.0","1.0.0"
"Vapewholesaleusa_TaxManagement","1.0.0","1.0.0"
"Vapewholesaleusa_TrackingNumbersInOneEmail","1.0.0","1.0.0"
"Vapewholesaleusa_WeltPixelAjaxInfiniteScroll","1.0.0","1.0.0"
"Vapewholesaleusa_WeltPixelBackend","1.0.0","1.0.0"
"Vapewholesaleusa_WeltPixelEnhancedEmail","1.0.0","1.0.0"
"Vapewholesaleusa_WeltPixelGoogleTagManager","1.0.0","1.0.0"
"Vapewholesaleusa_WeltPixelNavigationLinks","1.0.0","1.0.0"
"Vapewholesaleusa_WeltPixelOwlCarouselSlider","1.0.0","1.0.0"
"Vapewholesaleusa_WeltPixelProductLabels","1.0.0","1.0.0"
"Vapewholesaleusa_Wysiwyg","1.0.0","1.0.0"
"Vertex_AddressValidation","100.5.0","100.5.0"
"Vertex_Tax","100.5.1","100.5.1"
"VUSA_AutoEnable","1.0.0","1.0.0"
"VUSA_DecreaseStock","0.0.1","0.0.1"
"VUSA_EnhancedEmail","1.0.0","1.0.0"
"VUSA_ExportOrder","0.0.1","0.0.1"
"VUSA_GroupNotification","1.0.0","1.0.0"
"VUSA_NicotineWarning","1.0.0","1.0.0"
"VUSA_PrintInvoice","1.0.0","1.0.0"
"VUSA_RegionPayment","1.0.0","1.0.0"
"VUSA_ResetPass","1.0.0","1.0.0"
"VUSA_ScandiPwa","1.0.0","1.0.0"
"WeltPixel_AdvanceCategorySorting","1.0.0","1.0.0"
"WeltPixel_AdvancedWishlist","1.0.4","1.0.4"
"WeltPixel_AjaxInfiniteScroll","1.0.0","1.0.0"
"WeltPixel_Backend","1.1.1","1.1.1"
"WeltPixel_CategoryPage","1.2.0","1.2.0"
"WeltPixel_Command","1.0.0","1.0.0"
"WeltPixel_CustomFooter","1.0.0","1.0.0"
"WeltPixel_CustomHeader","1.1.0","1.1.0"
"WeltPixel_DesignElements","1.4.2","1.4.2"
"WeltPixel_EnhancedEmail","1.0.10","1.0.10"
"WeltPixel_FrontendOptions","1.1.2","1.1.2"
"WeltPixel_FullPageScroll","1.0.0","1.0.0"
"WeltPixel_GA4","1.0.0","1.0.0"
"WeltPixel_GoogleCards","1.0.6","1.0.6"
"WeltPixel_GoogleTagManager","1.0.0","1.0.0"
"WeltPixel_InstagramWidget","1.0.2","1.0.2"
"WeltPixel_LazyLoading","1.0.0","1.0.0"
"WeltPixel_MobileDetect","1.1.0","1.1.0"
"WeltPixel_Multistore","1.0.0","1.0.0"
"WeltPixel_NavigationLinks","1.2.15","1.2.15"
"WeltPixel_Newsletter","1.0.5","1.0.5"
"WeltPixel_OwlCarouselSlider","1.1.7","1.1.7"
"WeltPixel_ProductLabels","1.0.5","1.0.5"
"WeltPixel_ProductPage","1.1.4","1.1.4"
"WeltPixel_QuickCart","1.0.0","1.0.0"
"WeltPixel_Quickview","1.0.3","1.0.3"
"WeltPixel_RecentlyViewedBar","1.0.0","1.0.0"
"WeltPixel_ReviewsWidget","1.0.0","1.0.0"
"WeltPixel_SampleData","1.1.25","1.1.25"
"WeltPixel_SearchAutoComplete","1.0.0","1.0.0"
"WeltPixel_Sitemap","1.0.6","1.0.6"
"WeltPixel_SmartProductTabs","1.0.3","1.0.3"
"WeltPixel_SpeedOptimization","1.0.1","1.0.1"
"WeltPixel_ThankYouPage","1.0.0","1.0.0"
"WeltPixel_TitleRewrite","1.0.1","1.0.1"
"WeSupply_Toolbox","1.0.20","1.0.20"
"Yotpo_Yotpo","3.0.1","3.0.1"
